seed_keyword,fan_out_query,intent,recommended_page_type
best AI LinkedIn carousel generator,best AI LinkedIn carousel generator vs,comparison,comparison article
best AI LinkedIn carousel generator,best AI LinkedIn carousel generator vs Canva,comparison,comparison article
best AI LinkedIn carousel generator,best AI LinkedIn carousel generator vs Buffer,comparison,comparison article
best AI LinkedIn carousel generator,best AI LinkedIn carousel generator vs Hootsuite,comparison,comparison article
best AI LinkedIn carousel generator,best AI LinkedIn carousel generator vs Taplio,comparison,comparison article
best AI LinkedIn carousel generator,best AI LinkedIn carousel generator vs Lately,comparison,comparison article
best AI LinkedIn carousel generator,best AI LinkedIn carousel generator vs Jasper,comparison,comparison article
best AI LinkedIn carousel generator,best AI LinkedIn carousel generator vs Copy.ai,comparison,comparison article
best AI LinkedIn carousel generator,best AI LinkedIn carousel generator free alternative,comparison,comparison article
best AI LinkedIn carousel generator,cheaper alternative best AI LinkedIn carousel generator,comparison,comparison article
best AI LinkedIn carousel generator,what is best AI LinkedIn carousel generator,informational,glossary/explainer
best AI LinkedIn carousel generator,how to use best AI LinkedIn carousel generator,informational,glossary/explainer
best AI LinkedIn carousel generator,how does it work best AI LinkedIn carousel generator,informational,glossary/explainer
best AI LinkedIn carousel generator,why use best AI LinkedIn carousel generator,informational,glossary/explainer
best AI LinkedIn carousel generator,benefits of best AI LinkedIn carousel generator,informational,glossary/explainer
best AI LinkedIn carousel generator,meaning best AI LinkedIn carousel generator,informational,glossary/explainer
best AI LinkedIn carousel generator,how to create best AI LinkedIn carousel generator,how_to,how-to guide
best AI LinkedIn carousel generator,how to make best AI LinkedIn carousel generator,how_to,how-to guide
best AI LinkedIn carousel generator,how to write best AI LinkedIn carousel generator,how_to,how-to guide
best AI LinkedIn carousel generator,how to design best AI LinkedIn carousel generator,how_to,how-to guide
best AI LinkedIn carousel generator,how to automate best AI LinkedIn carousel generator,how_to,how-to guide
best AI LinkedIn carousel generator,how to publish best AI LinkedIn carousel generator,how_to,how-to guide
best AI LinkedIn carousel generator,step by step best AI LinkedIn carousel generator,how_to,how-to guide
best AI LinkedIn carousel generator,tutorial best AI LinkedIn carousel generator,how_to,how-to guide
best AI LinkedIn carousel generator,best AI LinkedIn carousel generator best,commercial,landing page
best AI LinkedIn carousel generator,best AI LinkedIn carousel generator top,commercial,landing page
best AI LinkedIn carousel generator,best AI LinkedIn carousel generator free,commercial,landing page
best AI LinkedIn carousel generator,best AI LinkedIn carousel generator for founders,commercial,landing page
best AI LinkedIn carousel generator,best AI LinkedIn carousel generator for coaches,commercial,landing page
best AI LinkedIn carousel generator,best AI LinkedIn carousel generator for consultants,commercial,landing page
best AI LinkedIn carousel generator,best AI LinkedIn carousel generator for small business,commercial,landing page
best AI LinkedIn carousel generator,best AI LinkedIn carousel generator for B2B,commercial,landing page
best AI LinkedIn carousel generator,best AI LinkedIn carousel generator for trainers,commercial,landing page
best AI LinkedIn carousel generator,templates best AI LinkedIn carousel generator,templates,template/cheat sheet
best AI LinkedIn carousel generator,examples best AI LinkedIn carousel generator,templates,template/cheat sheet
best AI LinkedIn carousel generator,samples best AI LinkedIn carousel generator,templates,template/cheat sheet
best AI LinkedIn carousel generator,ideas best AI LinkedIn carousel generator,templates,template/cheat sheet
best AI LinkedIn carousel generator,cheat sheet best AI LinkedIn carousel generator,templates,template/cheat sheet
best AI LinkedIn carousel generator,checklist best AI LinkedIn carousel generator,templates,template/cheat sheet
best AI LinkedIn carousel generator,prompts best AI LinkedIn carousel generator,templates,template/cheat sheet
best AI LinkedIn carousel generator,best AI LinkedIn carousel generator size,technical,specs guide
best AI LinkedIn carousel generator,best AI LinkedIn carousel generator dimensions,technical,specs guide
best AI LinkedIn carousel generator,best AI LinkedIn carousel generator format,technical,specs guide
best AI LinkedIn carousel generator,best AI LinkedIn carousel generator font,technical,specs guide
best AI LinkedIn carousel generator,best AI LinkedIn carousel generator color,technical,specs guide
best AI LinkedIn carousel generator,best AI LinkedIn carousel generator aspect ratio,technical,specs guide
best AI LinkedIn carousel generator,best AI LinkedIn carousel generator file size,technical,specs guide
best AI LinkedIn carousel generator,linkedin carousel ad examples,templates,template/cheat sheet
best AI LinkedIn carousel generator,linkedin carousel ad specs,informational,glossary/explainer
best AI LinkedIn carousel generator,linkedin carousel examples,templates,template/cheat sheet
AI newsletter generator,AI newsletter generator vs,comparison,comparison article
AI newsletter generator,AI newsletter generator vs Canva,comparison,comparison article
AI newsletter generator,AI newsletter generator vs Buffer,comparison,comparison article
AI newsletter generator,AI newsletter generator vs Hootsuite,comparison,comparison article
AI newsletter generator,AI newsletter generator vs Taplio,comparison,comparison article
AI newsletter generator,AI newsletter generator vs Lately,comparison,comparison article
AI newsletter generator,AI newsletter generator vs Jasper,comparison,comparison article
AI newsletter generator,AI newsletter generator vs Copy.ai,comparison,comparison article
AI newsletter generator,AI newsletter generator free alternative,comparison,comparison article
AI newsletter generator,cheaper alternative AI newsletter generator,comparison,comparison article
AI newsletter generator,what is AI newsletter generator,informational,glossary/explainer
AI newsletter generator,how to use AI newsletter generator,informational,glossary/explainer
AI newsletter generator,how does it work AI newsletter generator,informational,glossary/explainer
AI newsletter generator,why use AI newsletter generator,informational,glossary/explainer
AI newsletter generator,benefits of AI newsletter generator,informational,glossary/explainer
AI newsletter generator,meaning AI newsletter generator,informational,glossary/explainer
AI newsletter generator,how to create AI newsletter generator,how_to,how-to guide
AI newsletter generator,how to make AI newsletter generator,how_to,how-to guide
AI newsletter generator,how to write AI newsletter generator,how_to,how-to guide
AI newsletter generator,how to design AI newsletter generator,how_to,how-to guide
AI newsletter generator,how to automate AI newsletter generator,how_to,how-to guide
AI newsletter generator,how to publish AI newsletter generator,how_to,how-to guide
AI newsletter generator,step by step AI newsletter generator,how_to,how-to guide
AI newsletter generator,tutorial AI newsletter generator,how_to,how-to guide
AI newsletter generator,AI newsletter generator best,commercial,landing page
AI newsletter generator,AI newsletter generator top,commercial,landing page
AI newsletter generator,AI newsletter generator free,commercial,landing page
AI newsletter generator,AI newsletter generator for founders,commercial,landing page
AI newsletter generator,AI newsletter generator for coaches,commercial,landing page
AI newsletter generator,AI newsletter generator for consultants,commercial,landing page
AI newsletter generator,AI newsletter generator for small business,commercial,landing page
AI newsletter generator,AI newsletter generator for B2B,commercial,landing page
AI newsletter generator,AI newsletter generator for trainers,commercial,landing page
AI newsletter generator,templates AI newsletter generator,templates,template/cheat sheet
AI newsletter generator,examples AI newsletter generator,templates,template/cheat sheet
AI newsletter generator,samples AI newsletter generator,templates,template/cheat sheet
AI newsletter generator,ideas AI newsletter generator,templates,template/cheat sheet
AI newsletter generator,cheat sheet AI newsletter generator,templates,template/cheat sheet
AI newsletter generator,checklist AI newsletter generator,templates,template/cheat sheet
AI newsletter generator,prompts AI newsletter generator,templates,template/cheat sheet
AI newsletter generator,AI newsletter generator size,technical,specs guide
AI newsletter generator,AI newsletter generator dimensions,technical,specs guide
AI newsletter generator,AI newsletter generator format,technical,specs guide
AI newsletter generator,AI newsletter generator font,technical,specs guide
AI newsletter generator,AI newsletter generator color,technical,specs guide
AI newsletter generator,AI newsletter generator aspect ratio,technical,specs guide
AI newsletter generator,AI newsletter generator file size,technical,specs guide
AI newsletter generator,ai newsletter generator github,commercial,landing page
AI newsletter generator,ai newsletter generator canva,commercial,landing page
AI newsletter generator,ai news generator,commercial,landing page
AI newsletter generator,ai news generator free,commercial,landing page
AI newsletter generator,ai news generator from text,commercial,landing page
AI newsletter generator,ai news generator video,commercial,landing page
AI newsletter generator,ai news generator app,commercial,landing page
AI newsletter generator,ai news generator no sign up,commercial,landing page
LinkedIn automation tool for founders,LinkedIn automation tool for founders vs,comparison,comparison article
LinkedIn automation tool for founders,LinkedIn automation tool for founders vs Canva,comparison,comparison article
LinkedIn automation tool for founders,LinkedIn automation tool for founders vs Buffer,comparison,comparison article
LinkedIn automation tool for founders,LinkedIn automation tool for founders vs Hootsuite,comparison,comparison article
LinkedIn automation tool for founders,LinkedIn automation tool for founders vs Taplio,comparison,comparison article
LinkedIn automation tool for founders,LinkedIn automation tool for founders vs Lately,comparison,comparison article
LinkedIn automation tool for founders,LinkedIn automation tool for founders vs Jasper,comparison,comparison article
LinkedIn automation tool for founders,LinkedIn automation tool for founders vs Copy.ai,comparison,comparison article
LinkedIn automation tool for founders,LinkedIn automation tool for founders free alternative,comparison,comparison article
LinkedIn automation tool for founders,cheaper alternative LinkedIn automation tool for founders,comparison,comparison article
LinkedIn automation tool for founders,what is LinkedIn automation tool for founders,informational,glossary/explainer
LinkedIn automation tool for founders,how to use LinkedIn automation tool for founders,informational,glossary/explainer
LinkedIn automation tool for founders,how does it work LinkedIn automation tool for founders,informational,glossary/explainer
LinkedIn automation tool for founders,why use LinkedIn automation tool for founders,informational,glossary/explainer
LinkedIn automation tool for founders,benefits of LinkedIn automation tool for founders,informational,glossary/explainer
LinkedIn automation tool for founders,meaning LinkedIn automation tool for founders,informational,glossary/explainer
LinkedIn automation tool for founders,how to create LinkedIn automation tool for founders,how_to,how-to guide
LinkedIn automation tool for founders,how to make LinkedIn automation tool for founders,how_to,how-to guide
LinkedIn automation tool for founders,how to write LinkedIn automation tool for founders,how_to,how-to guide
LinkedIn automation tool for founders,how to design LinkedIn automation tool for founders,how_to,how-to guide
LinkedIn automation tool for founders,how to automate LinkedIn automation tool for founders,how_to,how-to guide
LinkedIn automation tool for founders,how to publish LinkedIn automation tool for founders,how_to,how-to guide
LinkedIn automation tool for founders,step by step LinkedIn automation tool for founders,how_to,how-to guide
LinkedIn automation tool for founders,tutorial LinkedIn automation tool for founders,how_to,how-to guide
LinkedIn automation tool for founders,LinkedIn automation tool for founders best,commercial,landing page
LinkedIn automation tool for founders,LinkedIn automation tool for founders top,commercial,landing page
LinkedIn automation tool for founders,LinkedIn automation tool for founders free,commercial,landing page
LinkedIn automation tool for founders,LinkedIn automation tool for founders for founders,commercial,landing page
LinkedIn automation tool for founders,LinkedIn automation tool for founders for coaches,commercial,landing page
LinkedIn automation tool for founders,LinkedIn automation tool for founders for consultants,commercial,landing page
LinkedIn automation tool for founders,LinkedIn automation tool for founders for small business,commercial,landing page
LinkedIn automation tool for founders,LinkedIn automation tool for founders for B2B,commercial,landing page
LinkedIn automation tool for founders,LinkedIn automation tool for founders for trainers,commercial,landing page
LinkedIn automation tool for founders,templates LinkedIn automation tool for founders,templates,template/cheat sheet
LinkedIn automation tool for founders,examples LinkedIn automation tool for founders,templates,template/cheat sheet
LinkedIn automation tool for founders,samples LinkedIn automation tool for founders,templates,template/cheat sheet
LinkedIn automation tool for founders,ideas LinkedIn automation tool for founders,templates,template/cheat sheet
LinkedIn automation tool for founders,cheat sheet LinkedIn automation tool for founders,templates,template/cheat sheet
LinkedIn automation tool for founders,checklist LinkedIn automation tool for founders,templates,template/cheat sheet
LinkedIn automation tool for founders,prompts LinkedIn automation tool for founders,templates,template/cheat sheet
LinkedIn automation tool for founders,LinkedIn automation tool for founders size,technical,specs guide
LinkedIn automation tool for founders,LinkedIn automation tool for founders dimensions,technical,specs guide
LinkedIn automation tool for founders,LinkedIn automation tool for founders format,technical,specs guide
LinkedIn automation tool for founders,LinkedIn automation tool for founders font,technical,specs guide
LinkedIn automation tool for founders,LinkedIn automation tool for founders color,technical,specs guide
LinkedIn automation tool for founders,LinkedIn automation tool for founders aspect ratio,technical,specs guide
LinkedIn automation tool for founders,LinkedIn automation tool for founders file size,technical,specs guide
LinkedIn content system for personal brands,LinkedIn content system for personal brands vs,comparison,comparison article
LinkedIn content system for personal brands,LinkedIn content system for personal brands vs Canva,comparison,comparison article
LinkedIn content system for personal brands,LinkedIn content system for personal brands vs Buffer,comparison,comparison article
LinkedIn content system for personal brands,LinkedIn content system for personal brands vs Hootsuite,comparison,comparison article
LinkedIn content system for personal brands,LinkedIn content system for personal brands vs Taplio,comparison,comparison article
LinkedIn content system for personal brands,LinkedIn content system for personal brands vs Lately,comparison,comparison article
LinkedIn content system for personal brands,LinkedIn content system for personal brands vs Jasper,comparison,comparison article
LinkedIn content system for personal brands,LinkedIn content system for personal brands vs Copy.ai,comparison,comparison article
LinkedIn content system for personal brands,LinkedIn content system for personal brands free alternative,comparison,comparison article
LinkedIn content system for personal brands,cheaper alternative LinkedIn content system for personal brands,comparison,comparison article
LinkedIn content system for personal brands,what is LinkedIn content system for personal brands,informational,glossary/explainer
LinkedIn content system for personal brands,how to use LinkedIn content system for personal brands,informational,glossary/explainer
LinkedIn content system for personal brands,how does it work LinkedIn content system for personal brands,informational,glossary/explainer
LinkedIn content system for personal brands,why use LinkedIn content system for personal brands,informational,glossary/explainer
LinkedIn content system for personal brands,benefits of LinkedIn content system for personal brands,informational,glossary/explainer
LinkedIn content system for personal brands,meaning LinkedIn content system for personal brands,informational,glossary/explainer
LinkedIn content system for personal brands,how to create LinkedIn content system for personal brands,how_to,how-to guide
LinkedIn content system for personal brands,how to make LinkedIn content system for personal brands,how_to,how-to guide
LinkedIn content system for personal brands,how to write LinkedIn content system for personal brands,how_to,how-to guide
LinkedIn content system for personal brands,how to design LinkedIn content system for personal brands,how_to,how-to guide
LinkedIn content system for personal brands,how to automate LinkedIn content system for personal brands,how_to,how-to guide
LinkedIn content system for personal brands,how to publish LinkedIn content system for personal brands,how_to,how-to guide
LinkedIn content system for personal brands,step by step LinkedIn content system for personal brands,how_to,how-to guide
LinkedIn content system for personal brands,tutorial LinkedIn content system for personal brands,how_to,how-to guide
LinkedIn content system for personal brands,LinkedIn content system for personal brands best,commercial,landing page
LinkedIn content system for personal brands,LinkedIn content system for personal brands top,commercial,landing page
LinkedIn content system for personal brands,LinkedIn content system for personal brands free,commercial,landing page
LinkedIn content system for personal brands,LinkedIn content system for personal brands for founders,commercial,landing page
LinkedIn content system for personal brands,LinkedIn content system for personal brands for coaches,commercial,landing page
LinkedIn content system for personal brands,LinkedIn content system for personal brands for consultants,commercial,landing page
LinkedIn content system for personal brands,LinkedIn content system for personal brands for small business,commercial,landing page
LinkedIn content system for personal brands,LinkedIn content system for personal brands for B2B,commercial,landing page
LinkedIn content system for personal brands,LinkedIn content system for personal brands for trainers,commercial,landing page
LinkedIn content system for personal brands,templates LinkedIn content system for personal brands,templates,template/cheat sheet
LinkedIn content system for personal brands,examples LinkedIn content system for personal brands,templates,template/cheat sheet
LinkedIn content system for personal brands,samples LinkedIn content system for personal brands,templates,template/cheat sheet
LinkedIn content system for personal brands,ideas LinkedIn content system for personal brands,templates,template/cheat sheet
LinkedIn content system for personal brands,cheat sheet LinkedIn content system for personal brands,templates,template/cheat sheet
LinkedIn content system for personal brands,checklist LinkedIn content system for personal brands,templates,template/cheat sheet
LinkedIn content system for personal brands,prompts LinkedIn content system for personal brands,templates,template/cheat sheet
LinkedIn content system for personal brands,LinkedIn content system for personal brands size,technical,specs guide
LinkedIn content system for personal brands,LinkedIn content system for personal brands dimensions,technical,specs guide
LinkedIn content system for personal brands,LinkedIn content system for personal brands format,technical,specs guide
LinkedIn content system for personal brands,LinkedIn content system for personal brands font,technical,specs guide
LinkedIn content system for personal brands,LinkedIn content system for personal brands color,technical,specs guide
LinkedIn content system for personal brands,LinkedIn content system for personal brands aspect ratio,technical,specs guide
LinkedIn content system for personal brands,LinkedIn content system for personal brands file size,technical,specs guide
LinkedIn carousel templates,LinkedIn carousel templates vs,comparison,comparison article
LinkedIn carousel templates,LinkedIn carousel templates vs Canva,comparison,comparison article
LinkedIn carousel templates,LinkedIn carousel templates vs Buffer,comparison,comparison article
LinkedIn carousel templates,LinkedIn carousel templates vs Hootsuite,comparison,comparison article
LinkedIn carousel templates,LinkedIn carousel templates vs Taplio,comparison,comparison article
LinkedIn carousel templates,LinkedIn carousel templates vs Lately,comparison,comparison article
LinkedIn carousel templates,LinkedIn carousel templates vs Jasper,comparison,comparison article
LinkedIn carousel templates,LinkedIn carousel templates vs Copy.ai,comparison,comparison article
LinkedIn carousel templates,LinkedIn carousel templates free alternative,comparison,comparison article
LinkedIn carousel templates,cheaper alternative LinkedIn carousel templates,comparison,comparison article
LinkedIn carousel templates,what is LinkedIn carousel templates,informational,glossary/explainer
LinkedIn carousel templates,how to use LinkedIn carousel templates,informational,glossary/explainer
LinkedIn carousel templates,how does it work LinkedIn carousel templates,informational,glossary/explainer
LinkedIn carousel templates,why use LinkedIn carousel templates,informational,glossary/explainer
LinkedIn carousel templates,benefits of LinkedIn carousel templates,informational,glossary/explainer
LinkedIn carousel templates,meaning LinkedIn carousel templates,informational,glossary/explainer
LinkedIn carousel templates,how to create LinkedIn carousel templates,how_to,how-to guide
LinkedIn carousel templates,how to make LinkedIn carousel templates,how_to,how-to guide
LinkedIn carousel templates,how to write LinkedIn carousel templates,how_to,how-to guide
LinkedIn carousel templates,how to design LinkedIn carousel templates,how_to,how-to guide
LinkedIn carousel templates,how to automate LinkedIn carousel templates,how_to,how-to guide
LinkedIn carousel templates,how to publish LinkedIn carousel templates,how_to,how-to guide
LinkedIn carousel templates,step by step LinkedIn carousel templates,how_to,how-to guide
LinkedIn carousel templates,tutorial LinkedIn carousel templates,how_to,how-to guide
LinkedIn carousel templates,LinkedIn carousel templates best,commercial,landing page
LinkedIn carousel templates,LinkedIn carousel templates top,commercial,landing page
LinkedIn carousel templates,LinkedIn carousel templates free,commercial,landing page
LinkedIn carousel templates,LinkedIn carousel templates for founders,commercial,landing page
LinkedIn carousel templates,LinkedIn carousel templates for coaches,commercial,landing page
LinkedIn carousel templates,LinkedIn carousel templates for consultants,commercial,landing page
LinkedIn carousel templates,LinkedIn carousel templates for small business,commercial,landing page
LinkedIn carousel templates,LinkedIn carousel templates for B2B,commercial,landing page
LinkedIn carousel templates,LinkedIn carousel templates for trainers,commercial,landing page
LinkedIn carousel templates,templates LinkedIn carousel templates,templates,template/cheat sheet
LinkedIn carousel templates,examples LinkedIn carousel templates,templates,template/cheat sheet
LinkedIn carousel templates,samples LinkedIn carousel templates,templates,template/cheat sheet
LinkedIn carousel templates,ideas LinkedIn carousel templates,templates,template/cheat sheet
LinkedIn carousel templates,cheat sheet LinkedIn carousel templates,templates,template/cheat sheet
LinkedIn carousel templates,checklist LinkedIn carousel templates,templates,template/cheat sheet
LinkedIn carousel templates,prompts LinkedIn carousel templates,templates,template/cheat sheet
LinkedIn carousel templates,LinkedIn carousel templates size,technical,specs guide
LinkedIn carousel templates,LinkedIn carousel templates dimensions,technical,specs guide
LinkedIn carousel templates,LinkedIn carousel templates format,technical,specs guide
LinkedIn carousel templates,LinkedIn carousel templates font,technical,specs guide
LinkedIn carousel templates,LinkedIn carousel templates color,technical,specs guide
LinkedIn carousel templates,LinkedIn carousel templates aspect ratio,technical,specs guide
LinkedIn carousel templates,LinkedIn carousel templates file size,technical,specs guide
LinkedIn carousel templates,linkedin carousel templates canva,templates,template/cheat sheet
LinkedIn carousel templates,linkedin carousel templates figma,templates,template/cheat sheet
LinkedIn carousel templates,linkedin carousel template free download,commercial,landing page
LinkedIn carousel templates,linkedin carousel template powerpoint,templates,template/cheat sheet
LinkedIn carousel templates,linkedin carousel template size,templates,template/cheat sheet
LinkedIn carousel templates,linkedin carousel template canva free,commercial,landing page
LinkedIn carousel templates,linkedin carousel template psd,templates,template/cheat sheet
LinkedIn carousel templates,linkedin carousel template illustrator,templates,template/cheat sheet
LinkedIn carousel size 2026,LinkedIn carousel size 2026 vs,comparison,comparison article
LinkedIn carousel size 2026,LinkedIn carousel size 2026 vs Canva,comparison,comparison article
LinkedIn carousel size 2026,LinkedIn carousel size 2026 vs Buffer,comparison,comparison article
LinkedIn carousel size 2026,LinkedIn carousel size 2026 vs Hootsuite,comparison,comparison article
LinkedIn carousel size 2026,LinkedIn carousel size 2026 vs Taplio,comparison,comparison article
LinkedIn carousel size 2026,LinkedIn carousel size 2026 vs Lately,comparison,comparison article
LinkedIn carousel size 2026,LinkedIn carousel size 2026 vs Jasper,comparison,comparison article
LinkedIn carousel size 2026,LinkedIn carousel size 2026 vs Copy.ai,comparison,comparison article
LinkedIn carousel size 2026,LinkedIn carousel size 2026 free alternative,comparison,comparison article
LinkedIn carousel size 2026,cheaper alternative LinkedIn carousel size 2026,comparison,comparison article
LinkedIn carousel size 2026,what is LinkedIn carousel size 2026,informational,glossary/explainer
LinkedIn carousel size 2026,how to use LinkedIn carousel size 2026,informational,glossary/explainer
LinkedIn carousel size 2026,how does it work LinkedIn carousel size 2026,informational,glossary/explainer
LinkedIn carousel size 2026,why use LinkedIn carousel size 2026,informational,glossary/explainer
LinkedIn carousel size 2026,benefits of LinkedIn carousel size 2026,informational,glossary/explainer
LinkedIn carousel size 2026,meaning LinkedIn carousel size 2026,informational,glossary/explainer
LinkedIn carousel size 2026,how to create LinkedIn carousel size 2026,how_to,how-to guide
LinkedIn carousel size 2026,how to make LinkedIn carousel size 2026,how_to,how-to guide
LinkedIn carousel size 2026,how to write LinkedIn carousel size 2026,how_to,how-to guide
LinkedIn carousel size 2026,how to design LinkedIn carousel size 2026,how_to,how-to guide
LinkedIn carousel size 2026,how to automate LinkedIn carousel size 2026,how_to,how-to guide
LinkedIn carousel size 2026,how to publish LinkedIn carousel size 2026,how_to,how-to guide
LinkedIn carousel size 2026,step by step LinkedIn carousel size 2026,how_to,how-to guide
LinkedIn carousel size 2026,tutorial LinkedIn carousel size 2026,how_to,how-to guide
LinkedIn carousel size 2026,LinkedIn carousel size 2026 best,commercial,landing page
LinkedIn carousel size 2026,LinkedIn carousel size 2026 top,commercial,landing page
LinkedIn carousel size 2026,LinkedIn carousel size 2026 free,commercial,landing page
LinkedIn carousel size 2026,LinkedIn carousel size 2026 for founders,commercial,landing page
LinkedIn carousel size 2026,LinkedIn carousel size 2026 for coaches,commercial,landing page
LinkedIn carousel size 2026,LinkedIn carousel size 2026 for consultants,commercial,landing page
LinkedIn carousel size 2026,LinkedIn carousel size 2026 for small business,commercial,landing page
LinkedIn carousel size 2026,LinkedIn carousel size 2026 for B2B,commercial,landing page
LinkedIn carousel size 2026,LinkedIn carousel size 2026 for trainers,commercial,landing page
LinkedIn carousel size 2026,templates LinkedIn carousel size 2026,templates,template/cheat sheet
LinkedIn carousel size 2026,examples LinkedIn carousel size 2026,templates,template/cheat sheet
LinkedIn carousel size 2026,samples LinkedIn carousel size 2026,templates,template/cheat sheet
LinkedIn carousel size 2026,ideas LinkedIn carousel size 2026,templates,template/cheat sheet
LinkedIn carousel size 2026,cheat sheet LinkedIn carousel size 2026,templates,template/cheat sheet
LinkedIn carousel size 2026,checklist LinkedIn carousel size 2026,templates,template/cheat sheet
LinkedIn carousel size 2026,prompts LinkedIn carousel size 2026,templates,template/cheat sheet
LinkedIn carousel size 2026,LinkedIn carousel size 2026 size,technical,specs guide
LinkedIn carousel size 2026,LinkedIn carousel size 2026 dimensions,technical,specs guide
LinkedIn carousel size 2026,LinkedIn carousel size 2026 format,technical,specs guide
LinkedIn carousel size 2026,LinkedIn carousel size 2026 font,technical,specs guide
LinkedIn carousel size 2026,LinkedIn carousel size 2026 color,technical,specs guide
LinkedIn carousel size 2026,LinkedIn carousel size 2026 aspect ratio,technical,specs guide
LinkedIn carousel size 2026,LinkedIn carousel size 2026 file size,technical,specs guide
LinkedIn carousel size 2026,new linkedin carousel size 2026,technical,specs guide
LinkedIn carousel size 2026,linkedin pdf carousel size 2026,technical,specs guide
LinkedIn carousel size 2026,linkedin carousel image size 2026,technical,specs guide
LinkedIn carousel size 2026,linkedin carousel post dimensions 2026,technical,specs guide
LinkedIn carousel size 2026,linkedin carousel size,technical,specs guide
LinkedIn carousel size 2026,linkedin carousel post size,technical,specs guide
LinkedIn carousel size 2026,linkedin carousel post dimensions,technical,specs guide
LinkedIn carousel size 2026,linkedin carousel post image size,technical,specs guide
AI LinkedIn post generator,AI LinkedIn post generator vs,comparison,comparison article
AI LinkedIn post generator,AI LinkedIn post generator vs Canva,comparison,comparison article
AI LinkedIn post generator,AI LinkedIn post generator vs Buffer,comparison,comparison article
AI LinkedIn post generator,AI LinkedIn post generator vs Hootsuite,comparison,comparison article
AI LinkedIn post generator,AI LinkedIn post generator vs Taplio,comparison,comparison article
AI LinkedIn post generator,AI LinkedIn post generator vs Lately,comparison,comparison article
AI LinkedIn post generator,AI LinkedIn post generator vs Jasper,comparison,comparison article
AI LinkedIn post generator,AI LinkedIn post generator vs Copy.ai,comparison,comparison article
AI LinkedIn post generator,AI LinkedIn post generator free alternative,comparison,comparison article
AI LinkedIn post generator,cheaper alternative AI LinkedIn post generator,comparison,comparison article
AI LinkedIn post generator,what is AI LinkedIn post generator,informational,glossary/explainer
AI LinkedIn post generator,how to use AI LinkedIn post generator,informational,glossary/explainer
AI LinkedIn post generator,how does it work AI LinkedIn post generator,informational,glossary/explainer
AI LinkedIn post generator,why use AI LinkedIn post generator,informational,glossary/explainer
AI LinkedIn post generator,benefits of AI LinkedIn post generator,informational,glossary/explainer
AI LinkedIn post generator,meaning AI LinkedIn post generator,informational,glossary/explainer
AI LinkedIn post generator,how to create AI LinkedIn post generator,how_to,how-to guide
AI LinkedIn post generator,how to make AI LinkedIn post generator,how_to,how-to guide
AI LinkedIn post generator,how to write AI LinkedIn post generator,how_to,how-to guide
AI LinkedIn post generator,how to design AI LinkedIn post generator,how_to,how-to guide
AI LinkedIn post generator,how to automate AI LinkedIn post generator,how_to,how-to guide
AI LinkedIn post generator,how to publish AI LinkedIn post generator,how_to,how-to guide
AI LinkedIn post generator,step by step AI LinkedIn post generator,how_to,how-to guide
AI LinkedIn post generator,tutorial AI LinkedIn post generator,how_to,how-to guide
AI LinkedIn post generator,AI LinkedIn post generator best,commercial,landing page
AI LinkedIn post generator,AI LinkedIn post generator top,commercial,landing page
AI LinkedIn post generator,AI LinkedIn post generator free,commercial,landing page
AI LinkedIn post generator,AI LinkedIn post generator for founders,commercial,landing page
AI LinkedIn post generator,AI LinkedIn post generator for coaches,commercial,landing page
AI LinkedIn post generator,AI LinkedIn post generator for consultants,commercial,landing page
AI LinkedIn post generator,AI LinkedIn post generator for small business,commercial,landing page
AI LinkedIn post generator,AI LinkedIn post generator for B2B,commercial,landing page
AI LinkedIn post generator,AI LinkedIn post generator for trainers,commercial,landing page
AI LinkedIn post generator,templates AI LinkedIn post generator,templates,template/cheat sheet
AI LinkedIn post generator,examples AI LinkedIn post generator,templates,template/cheat sheet
AI LinkedIn post generator,samples AI LinkedIn post generator,templates,template/cheat sheet
AI LinkedIn post generator,ideas AI LinkedIn post generator,templates,template/cheat sheet
AI LinkedIn post generator,cheat sheet AI LinkedIn post generator,templates,template/cheat sheet
AI LinkedIn post generator,checklist AI LinkedIn post generator,templates,template/cheat sheet
AI LinkedIn post generator,prompts AI LinkedIn post generator,templates,template/cheat sheet
AI LinkedIn post generator,AI LinkedIn post generator size,technical,specs guide
AI LinkedIn post generator,AI LinkedIn post generator dimensions,technical,specs guide
AI LinkedIn post generator,AI LinkedIn post generator format,technical,specs guide
AI LinkedIn post generator,AI LinkedIn post generator font,technical,specs guide
AI LinkedIn post generator,AI LinkedIn post generator color,technical,specs guide
AI LinkedIn post generator,AI LinkedIn post generator aspect ratio,technical,specs guide
AI LinkedIn post generator,AI LinkedIn post generator file size,technical,specs guide
AI LinkedIn post generator,ai linkedin post generator reddit,commercial,landing page
AI LinkedIn post generator,ai linkedin article generator,commercial,landing page
AI LinkedIn post generator,linkedin ai post generator meme,commercial,landing page
AI LinkedIn post generator,best ai linkedin post generator,comparison,comparison article
AI LinkedIn post generator,best ai linkedin post generator free,comparison,comparison article
AI LinkedIn post generator,ai linkedin post image generator,commercial,landing page
AI LinkedIn post generator,grammarly ai linkedin post generator,commercial,landing page
AI LinkedIn post generator,visme ai linkedin post generator,commercial,landing page
newsletter examples for founders,newsletter examples for founders vs,comparison,comparison article
newsletter examples for founders,newsletter examples for founders vs Canva,comparison,comparison article
newsletter examples for founders,newsletter examples for founders vs Buffer,comparison,comparison article
newsletter examples for founders,newsletter examples for founders vs Hootsuite,comparison,comparison article
newsletter examples for founders,newsletter examples for founders vs Taplio,comparison,comparison article
newsletter examples for founders,newsletter examples for founders vs Lately,comparison,comparison article
newsletter examples for founders,newsletter examples for founders vs Jasper,comparison,comparison article
newsletter examples for founders,newsletter examples for founders vs Copy.ai,comparison,comparison article
newsletter examples for founders,newsletter examples for founders free alternative,comparison,comparison article
newsletter examples for founders,cheaper alternative newsletter examples for founders,comparison,comparison article
newsletter examples for founders,what is newsletter examples for founders,informational,glossary/explainer
newsletter examples for founders,how to use newsletter examples for founders,informational,glossary/explainer
newsletter examples for founders,how does it work newsletter examples for founders,informational,glossary/explainer
newsletter examples for founders,why use newsletter examples for founders,informational,glossary/explainer
newsletter examples for founders,benefits of newsletter examples for founders,informational,glossary/explainer
newsletter examples for founders,meaning newsletter examples for founders,informational,glossary/explainer
newsletter examples for founders,how to create newsletter examples for founders,how_to,how-to guide
newsletter examples for founders,how to make newsletter examples for founders,how_to,how-to guide
newsletter examples for founders,how to write newsletter examples for founders,how_to,how-to guide
newsletter examples for founders,how to design newsletter examples for founders,how_to,how-to guide
newsletter examples for founders,how to automate newsletter examples for founders,how_to,how-to guide
newsletter examples for founders,how to publish newsletter examples for founders,how_to,how-to guide
newsletter examples for founders,step by step newsletter examples for founders,how_to,how-to guide
newsletter examples for founders,tutorial newsletter examples for founders,how_to,how-to guide
newsletter examples for founders,newsletter examples for founders best,commercial,landing page
newsletter examples for founders,newsletter examples for founders top,commercial,landing page
newsletter examples for founders,newsletter examples for founders free,commercial,landing page
newsletter examples for founders,newsletter examples for founders for founders,commercial,landing page
newsletter examples for founders,newsletter examples for founders for coaches,commercial,landing page
newsletter examples for founders,newsletter examples for founders for consultants,commercial,landing page
newsletter examples for founders,newsletter examples for founders for small business,commercial,landing page
newsletter examples for founders,newsletter examples for founders for B2B,commercial,landing page
newsletter examples for founders,newsletter examples for founders for trainers,commercial,landing page
newsletter examples for founders,templates newsletter examples for founders,templates,template/cheat sheet
newsletter examples for founders,examples newsletter examples for founders,templates,template/cheat sheet
newsletter examples for founders,samples newsletter examples for founders,templates,template/cheat sheet
newsletter examples for founders,ideas newsletter examples for founders,templates,template/cheat sheet
newsletter examples for founders,cheat sheet newsletter examples for founders,templates,template/cheat sheet
newsletter examples for founders,checklist newsletter examples for founders,templates,template/cheat sheet
newsletter examples for founders,prompts newsletter examples for founders,templates,template/cheat sheet
newsletter examples for founders,newsletter examples for founders size,technical,specs guide
newsletter examples for founders,newsletter examples for founders dimensions,technical,specs guide
newsletter examples for founders,newsletter examples for founders format,technical,specs guide
newsletter examples for founders,newsletter examples for founders font,technical,specs guide
newsletter examples for founders,newsletter examples for founders color,technical,specs guide
newsletter examples for founders,newsletter examples for founders aspect ratio,technical,specs guide
newsletter examples for founders,newsletter examples for founders file size,technical,specs guide
personal brand content strategy,personal brand content strategy vs,comparison,comparison article
personal brand content strategy,personal brand content strategy vs Canva,comparison,comparison article
personal brand content strategy,personal brand content strategy vs Buffer,comparison,comparison article
personal brand content strategy,personal brand content strategy vs Hootsuite,comparison,comparison article
personal brand content strategy,personal brand content strategy vs Taplio,comparison,comparison article
personal brand content strategy,personal brand content strategy vs Lately,comparison,comparison article
personal brand content strategy,personal brand content strategy vs Jasper,comparison,comparison article
personal brand content strategy,personal brand content strategy vs Copy.ai,comparison,comparison article
personal brand content strategy,personal brand content strategy free alternative,comparison,comparison article
personal brand content strategy,cheaper alternative personal brand content strategy,comparison,comparison article
personal brand content strategy,what is personal brand content strategy,informational,glossary/explainer
personal brand content strategy,how to use personal brand content strategy,informational,glossary/explainer
personal brand content strategy,how does it work personal brand content strategy,informational,glossary/explainer
personal brand content strategy,why use personal brand content strategy,informational,glossary/explainer
personal brand content strategy,benefits of personal brand content strategy,informational,glossary/explainer
personal brand content strategy,meaning personal brand content strategy,informational,glossary/explainer
personal brand content strategy,how to create personal brand content strategy,how_to,how-to guide
personal brand content strategy,how to make personal brand content strategy,how_to,how-to guide
personal brand content strategy,how to write personal brand content strategy,how_to,how-to guide
personal brand content strategy,how to design personal brand content strategy,how_to,how-to guide
personal brand content strategy,how to automate personal brand content strategy,how_to,how-to guide
personal brand content strategy,how to publish personal brand content strategy,how_to,how-to guide
personal brand content strategy,step by step personal brand content strategy,how_to,how-to guide
personal brand content strategy,tutorial personal brand content strategy,how_to,how-to guide
personal brand content strategy,personal brand content strategy best,commercial,landing page
personal brand content strategy,personal brand content strategy top,commercial,landing page
personal brand content strategy,personal brand content strategy free,commercial,landing page
personal brand content strategy,personal brand content strategy for founders,commercial,landing page
personal brand content strategy,personal brand content strategy for coaches,commercial,landing page
personal brand content strategy,personal brand content strategy for consultants,commercial,landing page
personal brand content strategy,personal brand content strategy for small business,commercial,landing page
personal brand content strategy,personal brand content strategy for B2B,commercial,landing page
personal brand content strategy,personal brand content strategy for trainers,commercial,landing page
personal brand content strategy,templates personal brand content strategy,templates,template/cheat sheet
personal brand content strategy,examples personal brand content strategy,templates,template/cheat sheet
personal brand content strategy,samples personal brand content strategy,templates,template/cheat sheet
personal brand content strategy,ideas personal brand content strategy,templates,template/cheat sheet
personal brand content strategy,cheat sheet personal brand content strategy,templates,template/cheat sheet
personal brand content strategy,checklist personal brand content strategy,templates,template/cheat sheet
personal brand content strategy,prompts personal brand content strategy,templates,template/cheat sheet
personal brand content strategy,personal brand content strategy size,technical,specs guide
personal brand content strategy,personal brand content strategy dimensions,technical,specs guide
personal brand content strategy,personal brand content strategy format,technical,specs guide
personal brand content strategy,personal brand content strategy font,technical,specs guide
personal brand content strategy,personal brand content strategy color,technical,specs guide
personal brand content strategy,personal brand content strategy aspect ratio,technical,specs guide
personal brand content strategy,personal brand content strategy file size,technical,specs guide
personal brand content strategy,jun yuh personal branding & content strategy,informational,glossary/explainer
personal brand content strategy,personal brand content ideas,informational,glossary/explainer
LinkedIn content calendar template,LinkedIn content calendar template vs,comparison,comparison article
LinkedIn content calendar template,LinkedIn content calendar template vs Canva,comparison,comparison article
LinkedIn content calendar template,LinkedIn content calendar template vs Buffer,comparison,comparison article
LinkedIn content calendar template,LinkedIn content calendar template vs Hootsuite,comparison,comparison article
LinkedIn content calendar template,LinkedIn content calendar template vs Taplio,comparison,comparison article
LinkedIn content calendar template,LinkedIn content calendar template vs Lately,comparison,comparison article
LinkedIn content calendar template,LinkedIn content calendar template vs Jasper,comparison,comparison article
LinkedIn content calendar template,LinkedIn content calendar template vs Copy.ai,comparison,comparison article
LinkedIn content calendar template,LinkedIn content calendar template free alternative,comparison,comparison article
LinkedIn content calendar template,cheaper alternative LinkedIn content calendar template,comparison,comparison article
LinkedIn content calendar template,what is LinkedIn content calendar template,informational,glossary/explainer
LinkedIn content calendar template,how to use LinkedIn content calendar template,informational,glossary/explainer
LinkedIn content calendar template,how does it work LinkedIn content calendar template,informational,glossary/explainer
LinkedIn content calendar template,why use LinkedIn content calendar template,informational,glossary/explainer
LinkedIn content calendar template,benefits of LinkedIn content calendar template,informational,glossary/explainer
LinkedIn content calendar template,meaning LinkedIn content calendar template,informational,glossary/explainer
LinkedIn content calendar template,how to create LinkedIn content calendar template,how_to,how-to guide
LinkedIn content calendar template,how to make LinkedIn content calendar template,how_to,how-to guide
LinkedIn content calendar template,how to write LinkedIn content calendar template,how_to,how-to guide
LinkedIn content calendar template,how to design LinkedIn content calendar template,how_to,how-to guide
LinkedIn content calendar template,how to automate LinkedIn content calendar template,how_to,how-to guide
LinkedIn content calendar template,how to publish LinkedIn content calendar template,how_to,how-to guide
LinkedIn content calendar template,step by step LinkedIn content calendar template,how_to,how-to guide
LinkedIn content calendar template,tutorial LinkedIn content calendar template,how_to,how-to guide
LinkedIn content calendar template,LinkedIn content calendar template best,commercial,landing page
LinkedIn content calendar template,LinkedIn content calendar template top,commercial,landing page
LinkedIn content calendar template,LinkedIn content calendar template free,commercial,landing page
LinkedIn content calendar template,LinkedIn content calendar template for founders,commercial,landing page
LinkedIn content calendar template,LinkedIn content calendar template for coaches,commercial,landing page
LinkedIn content calendar template,LinkedIn content calendar template for consultants,commercial,landing page
LinkedIn content calendar template,LinkedIn content calendar template for small business,commercial,landing page
LinkedIn content calendar template,LinkedIn content calendar template for B2B,commercial,landing page
LinkedIn content calendar template,LinkedIn content calendar template for trainers,commercial,landing page
LinkedIn content calendar template,templates LinkedIn content calendar template,templates,template/cheat sheet
LinkedIn content calendar template,examples LinkedIn content calendar template,templates,template/cheat sheet
LinkedIn content calendar template,samples LinkedIn content calendar template,templates,template/cheat sheet
LinkedIn content calendar template,ideas LinkedIn content calendar template,templates,template/cheat sheet
LinkedIn content calendar template,cheat sheet LinkedIn content calendar template,templates,template/cheat sheet
LinkedIn content calendar template,checklist LinkedIn content calendar template,templates,template/cheat sheet
LinkedIn content calendar template,prompts LinkedIn content calendar template,templates,template/cheat sheet
LinkedIn content calendar template,LinkedIn content calendar template size,technical,specs guide
LinkedIn content calendar template,LinkedIn content calendar template dimensions,technical,specs guide
LinkedIn content calendar template,LinkedIn content calendar template format,technical,specs guide
LinkedIn content calendar template,LinkedIn content calendar template font,technical,specs guide
LinkedIn content calendar template,LinkedIn content calendar template color,technical,specs guide
LinkedIn content calendar template,LinkedIn content calendar template aspect ratio,technical,specs guide
LinkedIn content calendar template,LinkedIn content calendar template file size,technical,specs guide
LinkedIn content calendar template,linkedin content calendar template excel,templates,template/cheat sheet
LinkedIn content calendar template,linkedin content calendar template google sheets,templates,template/cheat sheet
LinkedIn content calendar template,linkedin content calendar template 2025,templates,template/cheat sheet
LinkedIn content calendar template,linkedin post calendar template,templates,template/cheat sheet
LinkedIn content calendar template,linkedin social media calendar template,templates,template/cheat sheet
LinkedIn content calendar template,linkedin content planner template,templates,template/cheat sheet
LinkedIn content calendar template,linkedin editorial calendar template,templates,template/cheat sheet
LinkedIn content calendar template,linkedin content calendar example,templates,template/cheat sheet
LinkedIn content calendar template,linkedin post planner template,templates,template/cheat sheet
how to create LinkedIn carousels from research,how to create LinkedIn carousels from research vs,comparison,comparison article
how to create LinkedIn carousels from research,how to create LinkedIn carousels from research vs Canva,comparison,comparison article
how to create LinkedIn carousels from research,how to create LinkedIn carousels from research vs Buffer,comparison,comparison article
how to create LinkedIn carousels from research,how to create LinkedIn carousels from research vs Hootsuite,comparison,comparison article
how to create LinkedIn carousels from research,how to create LinkedIn carousels from research vs Taplio,comparison,comparison article
how to create LinkedIn carousels from research,how to create LinkedIn carousels from research vs Lately,comparison,comparison article
how to create LinkedIn carousels from research,how to create LinkedIn carousels from research vs Jasper,comparison,comparison article
how to create LinkedIn carousels from research,how to create LinkedIn carousels from research vs Copy.ai,comparison,comparison article
how to create LinkedIn carousels from research,how to create LinkedIn carousels from research free alternative,comparison,comparison article
how to create LinkedIn carousels from research,cheaper alternative how to create LinkedIn carousels from research,comparison,comparison article
how to create LinkedIn carousels from research,what is how to create LinkedIn carousels from research,informational,glossary/explainer
how to create LinkedIn carousels from research,how to use how to create LinkedIn carousels from research,informational,glossary/explainer
how to create LinkedIn carousels from research,how does it work how to create LinkedIn carousels from research,informational,glossary/explainer
how to create LinkedIn carousels from research,why use how to create LinkedIn carousels from research,informational,glossary/explainer
how to create LinkedIn carousels from research,benefits of how to create LinkedIn carousels from research,informational,glossary/explainer
how to create LinkedIn carousels from research,meaning how to create LinkedIn carousels from research,informational,glossary/explainer
how to create LinkedIn carousels from research,how to create how to create LinkedIn carousels from research,how_to,how-to guide
how to create LinkedIn carousels from research,how to make how to create LinkedIn carousels from research,how_to,how-to guide
how to create LinkedIn carousels from research,how to write how to create LinkedIn carousels from research,how_to,how-to guide
how to create LinkedIn carousels from research,how to design how to create LinkedIn carousels from research,how_to,how-to guide
how to create LinkedIn carousels from research,how to automate how to create LinkedIn carousels from research,how_to,how-to guide
how to create LinkedIn carousels from research,how to publish how to create LinkedIn carousels from research,how_to,how-to guide
how to create LinkedIn carousels from research,step by step how to create LinkedIn carousels from research,how_to,how-to guide
how to create LinkedIn carousels from research,tutorial how to create LinkedIn carousels from research,how_to,how-to guide
how to create LinkedIn carousels from research,how to create LinkedIn carousels from research best,commercial,landing page
how to create LinkedIn carousels from research,how to create LinkedIn carousels from research top,commercial,landing page
how to create LinkedIn carousels from research,how to create LinkedIn carousels from research free,commercial,landing page
how to create LinkedIn carousels from research,how to create LinkedIn carousels from research for founders,commercial,landing page
how to create LinkedIn carousels from research,how to create LinkedIn carousels from research for coaches,commercial,landing page
how to create LinkedIn carousels from research,how to create LinkedIn carousels from research for consultants,commercial,landing page
how to create LinkedIn carousels from research,how to create LinkedIn carousels from research for small business,commercial,landing page
how to create LinkedIn carousels from research,how to create LinkedIn carousels from research for B2B,commercial,landing page
how to create LinkedIn carousels from research,how to create LinkedIn carousels from research for trainers,commercial,landing page
how to create LinkedIn carousels from research,templates how to create LinkedIn carousels from research,templates,template/cheat sheet
how to create LinkedIn carousels from research,examples how to create LinkedIn carousels from research,templates,template/cheat sheet
how to create LinkedIn carousels from research,samples how to create LinkedIn carousels from research,templates,template/cheat sheet
how to create LinkedIn carousels from research,ideas how to create LinkedIn carousels from research,templates,template/cheat sheet
how to create LinkedIn carousels from research,cheat sheet how to create LinkedIn carousels from research,templates,template/cheat sheet
how to create LinkedIn carousels from research,checklist how to create LinkedIn carousels from research,templates,template/cheat sheet
how to create LinkedIn carousels from research,prompts how to create LinkedIn carousels from research,templates,template/cheat sheet
how to create LinkedIn carousels from research,how to create LinkedIn carousels from research size,technical,specs guide
how to create LinkedIn carousels from research,how to create LinkedIn carousels from research dimensions,technical,specs guide
how to create LinkedIn carousels from research,how to create LinkedIn carousels from research format,technical,specs guide
how to create LinkedIn carousels from research,how to create LinkedIn carousels from research font,technical,specs guide
how to create LinkedIn carousels from research,how to create LinkedIn carousels from research color,technical,specs guide
how to create LinkedIn carousels from research,how to create LinkedIn carousels from research aspect ratio,technical,specs guide
how to create LinkedIn carousels from research,how to create LinkedIn carousels from research file size,technical,specs guide
LinkedIn carousel hook examples,LinkedIn carousel hook examples vs,comparison,comparison article
LinkedIn carousel hook examples,LinkedIn carousel hook examples vs Canva,comparison,comparison article
LinkedIn carousel hook examples,LinkedIn carousel hook examples vs Buffer,comparison,comparison article
LinkedIn carousel hook examples,LinkedIn carousel hook examples vs Hootsuite,comparison,comparison article
LinkedIn carousel hook examples,LinkedIn carousel hook examples vs Taplio,comparison,comparison article
LinkedIn carousel hook examples,LinkedIn carousel hook examples vs Lately,comparison,comparison article
LinkedIn carousel hook examples,LinkedIn carousel hook examples vs Jasper,comparison,comparison article
LinkedIn carousel hook examples,LinkedIn carousel hook examples vs Copy.ai,comparison,comparison article
LinkedIn carousel hook examples,LinkedIn carousel hook examples free alternative,comparison,comparison article
LinkedIn carousel hook examples,cheaper alternative LinkedIn carousel hook examples,comparison,comparison article
LinkedIn carousel hook examples,what is LinkedIn carousel hook examples,informational,glossary/explainer
LinkedIn carousel hook examples,how to use LinkedIn carousel hook examples,informational,glossary/explainer
LinkedIn carousel hook examples,how does it work LinkedIn carousel hook examples,informational,glossary/explainer
LinkedIn carousel hook examples,why use LinkedIn carousel hook examples,informational,glossary/explainer
LinkedIn carousel hook examples,benefits of LinkedIn carousel hook examples,informational,glossary/explainer
LinkedIn carousel hook examples,meaning LinkedIn carousel hook examples,informational,glossary/explainer
LinkedIn carousel hook examples,how to create LinkedIn carousel hook examples,how_to,how-to guide
LinkedIn carousel hook examples,how to make LinkedIn carousel hook examples,how_to,how-to guide
LinkedIn carousel hook examples,how to write LinkedIn carousel hook examples,how_to,how-to guide
LinkedIn carousel hook examples,how to design LinkedIn carousel hook examples,how_to,how-to guide
LinkedIn carousel hook examples,how to automate LinkedIn carousel hook examples,how_to,how-to guide
LinkedIn carousel hook examples,how to publish LinkedIn carousel hook examples,how_to,how-to guide
LinkedIn carousel hook examples,step by step LinkedIn carousel hook examples,how_to,how-to guide
LinkedIn carousel hook examples,tutorial LinkedIn carousel hook examples,how_to,how-to guide
LinkedIn carousel hook examples,LinkedIn carousel hook examples best,commercial,landing page
LinkedIn carousel hook examples,LinkedIn carousel hook examples top,commercial,landing page
LinkedIn carousel hook examples,LinkedIn carousel hook examples free,commercial,landing page
LinkedIn carousel hook examples,LinkedIn carousel hook examples for founders,commercial,landing page
LinkedIn carousel hook examples,LinkedIn carousel hook examples for coaches,commercial,landing page
LinkedIn carousel hook examples,LinkedIn carousel hook examples for consultants,commercial,landing page
LinkedIn carousel hook examples,LinkedIn carousel hook examples for small business,commercial,landing page
LinkedIn carousel hook examples,LinkedIn carousel hook examples for B2B,commercial,landing page
LinkedIn carousel hook examples,LinkedIn carousel hook examples for trainers,commercial,landing page
LinkedIn carousel hook examples,templates LinkedIn carousel hook examples,templates,template/cheat sheet
LinkedIn carousel hook examples,examples LinkedIn carousel hook examples,templates,template/cheat sheet
LinkedIn carousel hook examples,samples LinkedIn carousel hook examples,templates,template/cheat sheet
LinkedIn carousel hook examples,ideas LinkedIn carousel hook examples,templates,template/cheat sheet
LinkedIn carousel hook examples,cheat sheet LinkedIn carousel hook examples,templates,template/cheat sheet
LinkedIn carousel hook examples,checklist LinkedIn carousel hook examples,templates,template/cheat sheet
LinkedIn carousel hook examples,prompts LinkedIn carousel hook examples,templates,template/cheat sheet
LinkedIn carousel hook examples,LinkedIn carousel hook examples size,technical,specs guide
LinkedIn carousel hook examples,LinkedIn carousel hook examples dimensions,technical,specs guide
LinkedIn carousel hook examples,LinkedIn carousel hook examples format,technical,specs guide
LinkedIn carousel hook examples,LinkedIn carousel hook examples font,technical,specs guide
LinkedIn carousel hook examples,LinkedIn carousel hook examples color,technical,specs guide
LinkedIn carousel hook examples,LinkedIn carousel hook examples aspect ratio,technical,specs guide
LinkedIn carousel hook examples,LinkedIn carousel hook examples file size,technical,specs guide
best AI tools for LinkedIn personal brands,best AI tools for LinkedIn personal brands vs,comparison,comparison article
best AI tools for LinkedIn personal brands,best AI tools for LinkedIn personal brands vs Canva,comparison,comparison article
best AI tools for LinkedIn personal brands,best AI tools for LinkedIn personal brands vs Buffer,comparison,comparison article
best AI tools for LinkedIn personal brands,best AI tools for LinkedIn personal brands vs Hootsuite,comparison,comparison article
best AI tools for LinkedIn personal brands,best AI tools for LinkedIn personal brands vs Taplio,comparison,comparison article
best AI tools for LinkedIn personal brands,best AI tools for LinkedIn personal brands vs Lately,comparison,comparison article
best AI tools for LinkedIn personal brands,best AI tools for LinkedIn personal brands vs Jasper,comparison,comparison article
best AI tools for LinkedIn personal brands,best AI tools for LinkedIn personal brands vs Copy.ai,comparison,comparison article
best AI tools for LinkedIn personal brands,best AI tools for LinkedIn personal brands free alternative,comparison,comparison article
best AI tools for LinkedIn personal brands,cheaper alternative best AI tools for LinkedIn personal brands,comparison,comparison article
best AI tools for LinkedIn personal brands,what is best AI tools for LinkedIn personal brands,informational,glossary/explainer
best AI tools for LinkedIn personal brands,how to use best AI tools for LinkedIn personal brands,informational,glossary/explainer
best AI tools for LinkedIn personal brands,how does it work best AI tools for LinkedIn personal brands,informational,glossary/explainer
best AI tools for LinkedIn personal brands,why use best AI tools for LinkedIn personal brands,informational,glossary/explainer
best AI tools for LinkedIn personal brands,benefits of best AI tools for LinkedIn personal brands,informational,glossary/explainer
best AI tools for LinkedIn personal brands,meaning best AI tools for LinkedIn personal brands,informational,glossary/explainer
best AI tools for LinkedIn personal brands,how to create best AI tools for LinkedIn personal brands,how_to,how-to guide
best AI tools for LinkedIn personal brands,how to make best AI tools for LinkedIn personal brands,how_to,how-to guide
best AI tools for LinkedIn personal brands,how to write best AI tools for LinkedIn personal brands,how_to,how-to guide
best AI tools for LinkedIn personal brands,how to design best AI tools for LinkedIn personal brands,how_to,how-to guide
best AI tools for LinkedIn personal brands,how to automate best AI tools for LinkedIn personal brands,how_to,how-to guide
best AI tools for LinkedIn personal brands,how to publish best AI tools for LinkedIn personal brands,how_to,how-to guide
best AI tools for LinkedIn personal brands,step by step best AI tools for LinkedIn personal brands,how_to,how-to guide
best AI tools for LinkedIn personal brands,tutorial best AI tools for LinkedIn personal brands,how_to,how-to guide
best AI tools for LinkedIn personal brands,best AI tools for LinkedIn personal brands best,commercial,landing page
best AI tools for LinkedIn personal brands,best AI tools for LinkedIn personal brands top,commercial,landing page
best AI tools for LinkedIn personal brands,best AI tools for LinkedIn personal brands free,commercial,landing page
best AI tools for LinkedIn personal brands,best AI tools for LinkedIn personal brands for founders,commercial,landing page
best AI tools for LinkedIn personal brands,best AI tools for LinkedIn personal brands for coaches,commercial,landing page
best AI tools for LinkedIn personal brands,best AI tools for LinkedIn personal brands for consultants,commercial,landing page
best AI tools for LinkedIn personal brands,best AI tools for LinkedIn personal brands for small business,commercial,landing page
best AI tools for LinkedIn personal brands,best AI tools for LinkedIn personal brands for B2B,commercial,landing page
best AI tools for LinkedIn personal brands,best AI tools for LinkedIn personal brands for trainers,commercial,landing page
best AI tools for LinkedIn personal brands,templates best AI tools for LinkedIn personal brands,templates,template/cheat sheet
best AI tools for LinkedIn personal brands,examples best AI tools for LinkedIn personal brands,templates,template/cheat sheet
best AI tools for LinkedIn personal brands,samples best AI tools for LinkedIn personal brands,templates,template/cheat sheet
best AI tools for LinkedIn personal brands,ideas best AI tools for LinkedIn personal brands,templates,template/cheat sheet
best AI tools for LinkedIn personal brands,cheat sheet best AI tools for LinkedIn personal brands,templates,template/cheat sheet
best AI tools for LinkedIn personal brands,checklist best AI tools for LinkedIn personal brands,templates,template/cheat sheet
best AI tools for LinkedIn personal brands,prompts best AI tools for LinkedIn personal brands,templates,template/cheat sheet
best AI tools for LinkedIn personal brands,best AI tools for LinkedIn personal brands size,technical,specs guide
best AI tools for LinkedIn personal brands,best AI tools for LinkedIn personal brands dimensions,technical,specs guide
best AI tools for LinkedIn personal brands,best AI tools for LinkedIn personal brands format,technical,specs guide
best AI tools for LinkedIn personal brands,best AI tools for LinkedIn personal brands font,technical,specs guide
best AI tools for LinkedIn personal brands,best AI tools for LinkedIn personal brands color,technical,specs guide
best AI tools for LinkedIn personal brands,best AI tools for LinkedIn personal brands aspect ratio,technical,specs guide
best AI tools for LinkedIn personal brands,best AI tools for LinkedIn personal brands file size,technical,specs guide
cited newsletter guide,cited newsletter guide vs,comparison,comparison article
cited newsletter guide,cited newsletter guide vs Canva,comparison,comparison article
cited newsletter guide,cited newsletter guide vs Buffer,comparison,comparison article
cited newsletter guide,cited newsletter guide vs Hootsuite,comparison,comparison article
cited newsletter guide,cited newsletter guide vs Taplio,comparison,comparison article
cited newsletter guide,cited newsletter guide vs Lately,comparison,comparison article
cited newsletter guide,cited newsletter guide vs Jasper,comparison,comparison article
cited newsletter guide,cited newsletter guide vs Copy.ai,comparison,comparison article
cited newsletter guide,cited newsletter guide free alternative,comparison,comparison article
cited newsletter guide,cheaper alternative cited newsletter guide,comparison,comparison article
cited newsletter guide,what is cited newsletter guide,informational,glossary/explainer
cited newsletter guide,how to use cited newsletter guide,informational,glossary/explainer
cited newsletter guide,how does it work cited newsletter guide,informational,glossary/explainer
cited newsletter guide,why use cited newsletter guide,informational,glossary/explainer
cited newsletter guide,benefits of cited newsletter guide,informational,glossary/explainer
cited newsletter guide,meaning cited newsletter guide,informational,glossary/explainer
cited newsletter guide,how to create cited newsletter guide,how_to,how-to guide
cited newsletter guide,how to make cited newsletter guide,how_to,how-to guide
cited newsletter guide,how to write cited newsletter guide,how_to,how-to guide
cited newsletter guide,how to design cited newsletter guide,how_to,how-to guide
cited newsletter guide,how to automate cited newsletter guide,how_to,how-to guide
cited newsletter guide,how to publish cited newsletter guide,how_to,how-to guide
cited newsletter guide,step by step cited newsletter guide,how_to,how-to guide
cited newsletter guide,tutorial cited newsletter guide,how_to,how-to guide
cited newsletter guide,cited newsletter guide best,commercial,landing page
cited newsletter guide,cited newsletter guide top,commercial,landing page
cited newsletter guide,cited newsletter guide free,commercial,landing page
cited newsletter guide,cited newsletter guide for founders,commercial,landing page
cited newsletter guide,cited newsletter guide for coaches,commercial,landing page
cited newsletter guide,cited newsletter guide for consultants,commercial,landing page
cited newsletter guide,cited newsletter guide for small business,commercial,landing page
cited newsletter guide,cited newsletter guide for B2B,commercial,landing page
cited newsletter guide,cited newsletter guide for trainers,commercial,landing page
cited newsletter guide,templates cited newsletter guide,templates,template/cheat sheet
cited newsletter guide,examples cited newsletter guide,templates,template/cheat sheet
cited newsletter guide,samples cited newsletter guide,templates,template/cheat sheet
cited newsletter guide,ideas cited newsletter guide,templates,template/cheat sheet
cited newsletter guide,cheat sheet cited newsletter guide,templates,template/cheat sheet
cited newsletter guide,checklist cited newsletter guide,templates,template/cheat sheet
cited newsletter guide,prompts cited newsletter guide,templates,template/cheat sheet
cited newsletter guide,cited newsletter guide size,technical,specs guide
cited newsletter guide,cited newsletter guide dimensions,technical,specs guide
cited newsletter guide,cited newsletter guide format,technical,specs guide
cited newsletter guide,cited newsletter guide font,technical,specs guide
cited newsletter guide,cited newsletter guide color,technical,specs guide
cited newsletter guide,cited newsletter guide aspect ratio,technical,specs guide
cited newsletter guide,cited newsletter guide file size,technical,specs guide
AI safety for personal brands,AI safety for personal brands vs,comparison,comparison article
AI safety for personal brands,AI safety for personal brands vs Canva,comparison,comparison article
AI safety for personal brands,AI safety for personal brands vs Buffer,comparison,comparison article
AI safety for personal brands,AI safety for personal brands vs Hootsuite,comparison,comparison article
AI safety for personal brands,AI safety for personal brands vs Taplio,comparison,comparison article
AI safety for personal brands,AI safety for personal brands vs Lately,comparison,comparison article
AI safety for personal brands,AI safety for personal brands vs Jasper,comparison,comparison article
AI safety for personal brands,AI safety for personal brands vs Copy.ai,comparison,comparison article
AI safety for personal brands,AI safety for personal brands free alternative,comparison,comparison article
AI safety for personal brands,cheaper alternative AI safety for personal brands,comparison,comparison article
AI safety for personal brands,what is AI safety for personal brands,informational,glossary/explainer
AI safety for personal brands,how to use AI safety for personal brands,informational,glossary/explainer
AI safety for personal brands,how does it work AI safety for personal brands,informational,glossary/explainer
AI safety for personal brands,why use AI safety for personal brands,informational,glossary/explainer
AI safety for personal brands,benefits of AI safety for personal brands,informational,glossary/explainer
AI safety for personal brands,meaning AI safety for personal brands,informational,glossary/explainer
AI safety for personal brands,how to create AI safety for personal brands,how_to,how-to guide
AI safety for personal brands,how to make AI safety for personal brands,how_to,how-to guide
AI safety for personal brands,how to write AI safety for personal brands,how_to,how-to guide
AI safety for personal brands,how to design AI safety for personal brands,how_to,how-to guide
AI safety for personal brands,how to automate AI safety for personal brands,how_to,how-to guide
AI safety for personal brands,how to publish AI safety for personal brands,how_to,how-to guide
AI safety for personal brands,step by step AI safety for personal brands,how_to,how-to guide
AI safety for personal brands,tutorial AI safety for personal brands,how_to,how-to guide
AI safety for personal brands,AI safety for personal brands best,commercial,landing page
AI safety for personal brands,AI safety for personal brands top,commercial,landing page
AI safety for personal brands,AI safety for personal brands free,commercial,landing page
AI safety for personal brands,AI safety for personal brands for founders,commercial,landing page
AI safety for personal brands,AI safety for personal brands for coaches,commercial,landing page
AI safety for personal brands,AI safety for personal brands for consultants,commercial,landing page
AI safety for personal brands,AI safety for personal brands for small business,commercial,landing page
AI safety for personal brands,AI safety for personal brands for B2B,commercial,landing page
AI safety for personal brands,AI safety for personal brands for trainers,commercial,landing page
AI safety for personal brands,templates AI safety for personal brands,templates,template/cheat sheet
AI safety for personal brands,examples AI safety for personal brands,templates,template/cheat sheet
AI safety for personal brands,samples AI safety for personal brands,templates,template/cheat sheet
AI safety for personal brands,ideas AI safety for personal brands,templates,template/cheat sheet
AI safety for personal brands,cheat sheet AI safety for personal brands,templates,template/cheat sheet
AI safety for personal brands,checklist AI safety for personal brands,templates,template/cheat sheet
AI safety for personal brands,prompts AI safety for personal brands,templates,template/cheat sheet
AI safety for personal brands,AI safety for personal brands size,technical,specs guide
AI safety for personal brands,AI safety for personal brands dimensions,technical,specs guide
AI safety for personal brands,AI safety for personal brands format,technical,specs guide
AI safety for personal brands,AI safety for personal brands font,technical,specs guide
AI safety for personal brands,AI safety for personal brands color,technical,specs guide
AI safety for personal brands,AI safety for personal brands aspect ratio,technical,specs guide
AI safety for personal brands,AI safety for personal brands file size,technical,specs guide
review first publishing workflow,review first publishing workflow vs,comparison,comparison article
review first publishing workflow,review first publishing workflow vs Canva,comparison,comparison article
review first publishing workflow,review first publishing workflow vs Buffer,comparison,comparison article
review first publishing workflow,review first publishing workflow vs Hootsuite,comparison,comparison article
review first publishing workflow,review first publishing workflow vs Taplio,comparison,comparison article
review first publishing workflow,review first publishing workflow vs Lately,comparison,comparison article
review first publishing workflow,review first publishing workflow vs Jasper,comparison,comparison article
review first publishing workflow,review first publishing workflow vs Copy.ai,comparison,comparison article
review first publishing workflow,review first publishing workflow free alternative,comparison,comparison article
review first publishing workflow,cheaper alternative review first publishing workflow,comparison,comparison article
review first publishing workflow,what is review first publishing workflow,informational,glossary/explainer
review first publishing workflow,how to use review first publishing workflow,informational,glossary/explainer
review first publishing workflow,how does it work review first publishing workflow,informational,glossary/explainer
review first publishing workflow,why use review first publishing workflow,informational,glossary/explainer
review first publishing workflow,benefits of review first publishing workflow,informational,glossary/explainer
review first publishing workflow,meaning review first publishing workflow,informational,glossary/explainer
review first publishing workflow,how to create review first publishing workflow,how_to,how-to guide
review first publishing workflow,how to make review first publishing workflow,how_to,how-to guide
review first publishing workflow,how to write review first publishing workflow,how_to,how-to guide
review first publishing workflow,how to design review first publishing workflow,how_to,how-to guide
review first publishing workflow,how to automate review first publishing workflow,how_to,how-to guide
review first publishing workflow,how to publish review first publishing workflow,how_to,how-to guide
review first publishing workflow,step by step review first publishing workflow,how_to,how-to guide
review first publishing workflow,tutorial review first publishing workflow,how_to,how-to guide
review first publishing workflow,review first publishing workflow best,commercial,landing page
review first publishing workflow,review first publishing workflow top,commercial,landing page
review first publishing workflow,review first publishing workflow free,commercial,landing page
review first publishing workflow,review first publishing workflow for founders,commercial,landing page
review first publishing workflow,review first publishing workflow for coaches,commercial,landing page
review first publishing workflow,review first publishing workflow for consultants,commercial,landing page
review first publishing workflow,review first publishing workflow for small business,commercial,landing page
review first publishing workflow,review first publishing workflow for B2B,commercial,landing page
review first publishing workflow,review first publishing workflow for trainers,commercial,landing page
review first publishing workflow,templates review first publishing workflow,templates,template/cheat sheet
review first publishing workflow,examples review first publishing workflow,templates,template/cheat sheet
review first publishing workflow,samples review first publishing workflow,templates,template/cheat sheet
review first publishing workflow,ideas review first publishing workflow,templates,template/cheat sheet
review first publishing workflow,cheat sheet review first publishing workflow,templates,template/cheat sheet
review first publishing workflow,checklist review first publishing workflow,templates,template/cheat sheet
review first publishing workflow,prompts review first publishing workflow,templates,template/cheat sheet
review first publishing workflow,review first publishing workflow size,technical,specs guide
review first publishing workflow,review first publishing workflow dimensions,technical,specs guide
review first publishing workflow,review first publishing workflow format,technical,specs guide
review first publishing workflow,review first publishing workflow font,technical,specs guide
review first publishing workflow,review first publishing workflow color,technical,specs guide
review first publishing workflow,review first publishing workflow aspect ratio,technical,specs guide
review first publishing workflow,review first publishing workflow file size,technical,specs guide
LinkedIn carousel design for non designers,LinkedIn carousel design for non designers vs,comparison,comparison article
LinkedIn carousel design for non designers,LinkedIn carousel design for non designers vs Canva,comparison,comparison article
LinkedIn carousel design for non designers,LinkedIn carousel design for non designers vs Buffer,comparison,comparison article
LinkedIn carousel design for non designers,LinkedIn carousel design for non designers vs Hootsuite,comparison,comparison article
LinkedIn carousel design for non designers,LinkedIn carousel design for non designers vs Taplio,comparison,comparison article
LinkedIn carousel design for non designers,LinkedIn carousel design for non designers vs Lately,comparison,comparison article
LinkedIn carousel design for non designers,LinkedIn carousel design for non designers vs Jasper,comparison,comparison article
LinkedIn carousel design for non designers,LinkedIn carousel design for non designers vs Copy.ai,comparison,comparison article
LinkedIn carousel design for non designers,LinkedIn carousel design for non designers free alternative,comparison,comparison article
LinkedIn carousel design for non designers,cheaper alternative LinkedIn carousel design for non designers,comparison,comparison article
LinkedIn carousel design for non designers,what is LinkedIn carousel design for non designers,informational,glossary/explainer
LinkedIn carousel design for non designers,how to use LinkedIn carousel design for non designers,informational,glossary/explainer
LinkedIn carousel design for non designers,how does it work LinkedIn carousel design for non designers,informational,glossary/explainer
LinkedIn carousel design for non designers,why use LinkedIn carousel design for non designers,informational,glossary/explainer
LinkedIn carousel design for non designers,benefits of LinkedIn carousel design for non designers,informational,glossary/explainer
LinkedIn carousel design for non designers,meaning LinkedIn carousel design for non designers,informational,glossary/explainer
LinkedIn carousel design for non designers,how to create LinkedIn carousel design for non designers,how_to,how-to guide
LinkedIn carousel design for non designers,how to make LinkedIn carousel design for non designers,how_to,how-to guide
LinkedIn carousel design for non designers,how to write LinkedIn carousel design for non designers,how_to,how-to guide
LinkedIn carousel design for non designers,how to design LinkedIn carousel design for non designers,how_to,how-to guide
LinkedIn carousel design for non designers,how to automate LinkedIn carousel design for non designers,how_to,how-to guide
LinkedIn carousel design for non designers,how to publish LinkedIn carousel design for non designers,how_to,how-to guide
LinkedIn carousel design for non designers,step by step LinkedIn carousel design for non designers,how_to,how-to guide
LinkedIn carousel design for non designers,tutorial LinkedIn carousel design for non designers,how_to,how-to guide
LinkedIn carousel design for non designers,LinkedIn carousel design for non designers best,commercial,landing page
LinkedIn carousel design for non designers,LinkedIn carousel design for non designers top,commercial,landing page
LinkedIn carousel design for non designers,LinkedIn carousel design for non designers free,commercial,landing page
LinkedIn carousel design for non designers,LinkedIn carousel design for non designers for founders,commercial,landing page
LinkedIn carousel design for non designers,LinkedIn carousel design for non designers for coaches,commercial,landing page
LinkedIn carousel design for non designers,LinkedIn carousel design for non designers for consultants,commercial,landing page
LinkedIn carousel design for non designers,LinkedIn carousel design for non designers for small business,commercial,landing page
LinkedIn carousel design for non designers,LinkedIn carousel design for non designers for B2B,commercial,landing page
LinkedIn carousel design for non designers,LinkedIn carousel design for non designers for trainers,commercial,landing page
LinkedIn carousel design for non designers,templates LinkedIn carousel design for non designers,templates,template/cheat sheet
LinkedIn carousel design for non designers,examples LinkedIn carousel design for non designers,templates,template/cheat sheet
LinkedIn carousel design for non designers,samples LinkedIn carousel design for non designers,templates,template/cheat sheet
LinkedIn carousel design for non designers,ideas LinkedIn carousel design for non designers,templates,template/cheat sheet
LinkedIn carousel design for non designers,cheat sheet LinkedIn carousel design for non designers,templates,template/cheat sheet
LinkedIn carousel design for non designers,checklist LinkedIn carousel design for non designers,templates,template/cheat sheet
LinkedIn carousel design for non designers,prompts LinkedIn carousel design for non designers,templates,template/cheat sheet
LinkedIn carousel design for non designers,LinkedIn carousel design for non designers size,technical,specs guide
LinkedIn carousel design for non designers,LinkedIn carousel design for non designers dimensions,technical,specs guide
LinkedIn carousel design for non designers,LinkedIn carousel design for non designers format,technical,specs guide
LinkedIn carousel design for non designers,LinkedIn carousel design for non designers font,technical,specs guide
LinkedIn carousel design for non designers,LinkedIn carousel design for non designers color,technical,specs guide
LinkedIn carousel design for non designers,LinkedIn carousel design for non designers aspect ratio,technical,specs guide
LinkedIn carousel design for non designers,LinkedIn carousel design for non designers file size,technical,specs guide
one topic many formats content system,one topic many formats content system vs,comparison,comparison article
one topic many formats content system,one topic many formats content system vs Canva,comparison,comparison article
one topic many formats content system,one topic many formats content system vs Buffer,comparison,comparison article
one topic many formats content system,one topic many formats content system vs Hootsuite,comparison,comparison article
one topic many formats content system,one topic many formats content system vs Taplio,comparison,comparison article
one topic many formats content system,one topic many formats content system vs Lately,comparison,comparison article
one topic many formats content system,one topic many formats content system vs Jasper,comparison,comparison article
one topic many formats content system,one topic many formats content system vs Copy.ai,comparison,comparison article
one topic many formats content system,one topic many formats content system free alternative,comparison,comparison article
one topic many formats content system,cheaper alternative one topic many formats content system,comparison,comparison article
one topic many formats content system,what is one topic many formats content system,informational,glossary/explainer
one topic many formats content system,how to use one topic many formats content system,informational,glossary/explainer
one topic many formats content system,how does it work one topic many formats content system,informational,glossary/explainer
one topic many formats content system,why use one topic many formats content system,informational,glossary/explainer
one topic many formats content system,benefits of one topic many formats content system,informational,glossary/explainer
one topic many formats content system,meaning one topic many formats content system,informational,glossary/explainer
one topic many formats content system,how to create one topic many formats content system,how_to,how-to guide
one topic many formats content system,how to make one topic many formats content system,how_to,how-to guide
one topic many formats content system,how to write one topic many formats content system,how_to,how-to guide
one topic many formats content system,how to design one topic many formats content system,how_to,how-to guide
one topic many formats content system,how to automate one topic many formats content system,how_to,how-to guide
one topic many formats content system,how to publish one topic many formats content system,how_to,how-to guide
one topic many formats content system,step by step one topic many formats content system,how_to,how-to guide
one topic many formats content system,tutorial one topic many formats content system,how_to,how-to guide
one topic many formats content system,one topic many formats content system best,commercial,landing page
one topic many formats content system,one topic many formats content system top,commercial,landing page
one topic many formats content system,one topic many formats content system free,commercial,landing page
one topic many formats content system,one topic many formats content system for founders,commercial,landing page
one topic many formats content system,one topic many formats content system for coaches,commercial,landing page
one topic many formats content system,one topic many formats content system for consultants,commercial,landing page
one topic many formats content system,one topic many formats content system for small business,commercial,landing page
one topic many formats content system,one topic many formats content system for B2B,commercial,landing page
one topic many formats content system,one topic many formats content system for trainers,commercial,landing page
one topic many formats content system,templates one topic many formats content system,templates,template/cheat sheet
one topic many formats content system,examples one topic many formats content system,templates,template/cheat sheet
one topic many formats content system,samples one topic many formats content system,templates,template/cheat sheet
one topic many formats content system,ideas one topic many formats content system,templates,template/cheat sheet
one topic many formats content system,cheat sheet one topic many formats content system,templates,template/cheat sheet
one topic many formats content system,checklist one topic many formats content system,templates,template/cheat sheet
one topic many formats content system,prompts one topic many formats content system,templates,template/cheat sheet
one topic many formats content system,one topic many formats content system size,technical,specs guide
one topic many formats content system,one topic many formats content system dimensions,technical,specs guide
one topic many formats content system,one topic many formats content system format,technical,specs guide
one topic many formats content system,one topic many formats content system font,technical,specs guide
one topic many formats content system,one topic many formats content system color,technical,specs guide
one topic many formats content system,one topic many formats content system aspect ratio,technical,specs guide
one topic many formats content system,one topic many formats content system file size,technical,specs guide
automate LinkedIn carousels,automate LinkedIn carousels vs,comparison,comparison article
automate LinkedIn carousels,automate LinkedIn carousels vs Canva,comparison,comparison article
automate LinkedIn carousels,automate LinkedIn carousels vs Buffer,comparison,comparison article
automate LinkedIn carousels,automate LinkedIn carousels vs Hootsuite,comparison,comparison article
automate LinkedIn carousels,automate LinkedIn carousels vs Taplio,comparison,comparison article
automate LinkedIn carousels,automate LinkedIn carousels vs Lately,comparison,comparison article
automate LinkedIn carousels,automate LinkedIn carousels vs Jasper,comparison,comparison article
automate LinkedIn carousels,automate LinkedIn carousels vs Copy.ai,comparison,comparison article
automate LinkedIn carousels,automate LinkedIn carousels free alternative,comparison,comparison article
automate LinkedIn carousels,cheaper alternative automate LinkedIn carousels,comparison,comparison article
automate LinkedIn carousels,what is automate LinkedIn carousels,informational,glossary/explainer
automate LinkedIn carousels,how to use automate LinkedIn carousels,informational,glossary/explainer
automate LinkedIn carousels,how does it work automate LinkedIn carousels,informational,glossary/explainer
automate LinkedIn carousels,why use automate LinkedIn carousels,informational,glossary/explainer
automate LinkedIn carousels,benefits of automate LinkedIn carousels,informational,glossary/explainer
automate LinkedIn carousels,meaning automate LinkedIn carousels,informational,glossary/explainer
automate LinkedIn carousels,how to create automate LinkedIn carousels,how_to,how-to guide
automate LinkedIn carousels,how to make automate LinkedIn carousels,how_to,how-to guide
automate LinkedIn carousels,how to write automate LinkedIn carousels,how_to,how-to guide
automate LinkedIn carousels,how to design automate LinkedIn carousels,how_to,how-to guide
automate LinkedIn carousels,how to automate automate LinkedIn carousels,how_to,how-to guide
automate LinkedIn carousels,how to publish automate LinkedIn carousels,how_to,how-to guide
automate LinkedIn carousels,step by step automate LinkedIn carousels,how_to,how-to guide
automate LinkedIn carousels,tutorial automate LinkedIn carousels,how_to,how-to guide
automate LinkedIn carousels,automate LinkedIn carousels best,commercial,landing page
automate LinkedIn carousels,automate LinkedIn carousels top,commercial,landing page
automate LinkedIn carousels,automate LinkedIn carousels free,commercial,landing page
automate LinkedIn carousels,automate LinkedIn carousels for founders,commercial,landing page
automate LinkedIn carousels,automate LinkedIn carousels for coaches,commercial,landing page
automate LinkedIn carousels,automate LinkedIn carousels for consultants,commercial,landing page
automate LinkedIn carousels,automate LinkedIn carousels for small business,commercial,landing page
automate LinkedIn carousels,automate LinkedIn carousels for B2B,commercial,landing page
automate LinkedIn carousels,automate LinkedIn carousels for trainers,commercial,landing page
automate LinkedIn carousels,templates automate LinkedIn carousels,templates,template/cheat sheet
automate LinkedIn carousels,examples automate LinkedIn carousels,templates,template/cheat sheet
automate LinkedIn carousels,samples automate LinkedIn carousels,templates,template/cheat sheet
automate LinkedIn carousels,ideas automate LinkedIn carousels,templates,template/cheat sheet
automate LinkedIn carousels,cheat sheet automate LinkedIn carousels,templates,template/cheat sheet
automate LinkedIn carousels,checklist automate LinkedIn carousels,templates,template/cheat sheet
automate LinkedIn carousels,prompts automate LinkedIn carousels,templates,template/cheat sheet
automate LinkedIn carousels,automate LinkedIn carousels size,technical,specs guide
automate LinkedIn carousels,automate LinkedIn carousels dimensions,technical,specs guide
automate LinkedIn carousels,automate LinkedIn carousels format,technical,specs guide
automate LinkedIn carousels,automate LinkedIn carousels font,technical,specs guide
automate LinkedIn carousels,automate LinkedIn carousels color,technical,specs guide
automate LinkedIn carousels,automate LinkedIn carousels aspect ratio,technical,specs guide
automate LinkedIn carousels,automate LinkedIn carousels file size,technical,specs guide
LinkedIn newsletter generator,LinkedIn newsletter generator vs,comparison,comparison article
LinkedIn newsletter generator,LinkedIn newsletter generator vs Canva,comparison,comparison article
LinkedIn newsletter generator,LinkedIn newsletter generator vs Buffer,comparison,comparison article
LinkedIn newsletter generator,LinkedIn newsletter generator vs Hootsuite,comparison,comparison article
LinkedIn newsletter generator,LinkedIn newsletter generator vs Taplio,comparison,comparison article
LinkedIn newsletter generator,LinkedIn newsletter generator vs Lately,comparison,comparison article
LinkedIn newsletter generator,LinkedIn newsletter generator vs Jasper,comparison,comparison article
LinkedIn newsletter generator,LinkedIn newsletter generator vs Copy.ai,comparison,comparison article
LinkedIn newsletter generator,LinkedIn newsletter generator free alternative,comparison,comparison article
LinkedIn newsletter generator,cheaper alternative LinkedIn newsletter generator,comparison,comparison article
LinkedIn newsletter generator,what is LinkedIn newsletter generator,informational,glossary/explainer
LinkedIn newsletter generator,how to use LinkedIn newsletter generator,informational,glossary/explainer
LinkedIn newsletter generator,how does it work LinkedIn newsletter generator,informational,glossary/explainer
LinkedIn newsletter generator,why use LinkedIn newsletter generator,informational,glossary/explainer
LinkedIn newsletter generator,benefits of LinkedIn newsletter generator,informational,glossary/explainer
LinkedIn newsletter generator,meaning LinkedIn newsletter generator,informational,glossary/explainer
LinkedIn newsletter generator,how to create LinkedIn newsletter generator,how_to,how-to guide
LinkedIn newsletter generator,how to make LinkedIn newsletter generator,how_to,how-to guide
LinkedIn newsletter generator,how to write LinkedIn newsletter generator,how_to,how-to guide
LinkedIn newsletter generator,how to design LinkedIn newsletter generator,how_to,how-to guide
LinkedIn newsletter generator,how to automate LinkedIn newsletter generator,how_to,how-to guide
LinkedIn newsletter generator,how to publish LinkedIn newsletter generator,how_to,how-to guide
LinkedIn newsletter generator,step by step LinkedIn newsletter generator,how_to,how-to guide
LinkedIn newsletter generator,tutorial LinkedIn newsletter generator,how_to,how-to guide
LinkedIn newsletter generator,LinkedIn newsletter generator best,commercial,landing page
LinkedIn newsletter generator,LinkedIn newsletter generator top,commercial,landing page
LinkedIn newsletter generator,LinkedIn newsletter generator free,commercial,landing page
LinkedIn newsletter generator,LinkedIn newsletter generator for founders,commercial,landing page
LinkedIn newsletter generator,LinkedIn newsletter generator for coaches,commercial,landing page
LinkedIn newsletter generator,LinkedIn newsletter generator for consultants,commercial,landing page
LinkedIn newsletter generator,LinkedIn newsletter generator for small business,commercial,landing page
LinkedIn newsletter generator,LinkedIn newsletter generator for B2B,commercial,landing page
LinkedIn newsletter generator,LinkedIn newsletter generator for trainers,commercial,landing page
LinkedIn newsletter generator,templates LinkedIn newsletter generator,templates,template/cheat sheet
LinkedIn newsletter generator,examples LinkedIn newsletter generator,templates,template/cheat sheet
LinkedIn newsletter generator,samples LinkedIn newsletter generator,templates,template/cheat sheet
LinkedIn newsletter generator,ideas LinkedIn newsletter generator,templates,template/cheat sheet
LinkedIn newsletter generator,cheat sheet LinkedIn newsletter generator,templates,template/cheat sheet
LinkedIn newsletter generator,checklist LinkedIn newsletter generator,templates,template/cheat sheet
LinkedIn newsletter generator,prompts LinkedIn newsletter generator,templates,template/cheat sheet
LinkedIn newsletter generator,LinkedIn newsletter generator size,technical,specs guide
LinkedIn newsletter generator,LinkedIn newsletter generator dimensions,technical,specs guide
LinkedIn newsletter generator,LinkedIn newsletter generator format,technical,specs guide
LinkedIn newsletter generator,LinkedIn newsletter generator font,technical,specs guide
LinkedIn newsletter generator,LinkedIn newsletter generator color,technical,specs guide
LinkedIn newsletter generator,LinkedIn newsletter generator aspect ratio,technical,specs guide
LinkedIn newsletter generator,LinkedIn newsletter generator file size,technical,specs guide
